City_ID,City,Lat,Lng,Max Temp,Humidity,Cloudiness,Wind Speed,Country,Date
0,punta arenas,-53.15,-70.9167,9.06,43,20,13.89,CL,1670348075
1,victoria,22.2855,114.1577,17.92,77,16,2.68,HK,1670347949
2,wairoa,-39.0333,177.3667,15.31,79,100,2.68,NZ,1670348076
3,horsham,51.064,-0.3272,5.57,81,20,2.57,GB,1670348076
4,den helder,52.9599,4.7593,7.21,83,75,4.02,NL,1670347982
5,bredasdorp,-34.5322,20.0403,17.68,59,5,2.27,ZA,1670348077
6,pacific grove,36.6177,-121.9166,10.23,90,40,3.58,US,1670348077
7,mataura,-46.1927,168.8643,4.98,81,3,2.35,NZ,1670348077
8,ushuaia,-54.8,-68.3,5.79,75,75,10.8,AR,1670348078
9,vaini,-21.2,-175.2,25.09,94,75,3.09,TO,1670348078
10,albany,42.6001,-73.9662,10.13,85,100,0.89,US,1670348011
11,nanortalik,60.1432,-45.2371,2.15,98,100,2.45,GL,1670348079
12,kangaatsiaq,68.3065,-53.4641,-0.66,83,95,12.54,GL,1670348079
13,broken hill,-31.95,141.4333,23.32,32,100,3.62,AU,1670348080
14,rikitea,-23.1203,-134.9692,23.81,74,17,6.64,PF,1670348080
15,trairi,-3.2778,-39.2689,29.85,54,57,7.0,BR,1670347809
16,barrow,71.2906,-156.7887,-10.99,92,0,8.75,US,1670347925
17,puerto ayora,-0.7393,-90.3518,24.98,85,85,2.68,EC,1670347870
18,egvekinot,66.3167,-179.1667,-9.35,90,99,3.7,RU,1670348081
19,gejiu,23.306,103.1635,7.8,96,68,1.96,CN,1670348081
20,olinda,-8.0089,-34.8553,28.85,61,40,3.6,BR,1670348082
21,kawalu,-7.3817,108.2082,22.73,97,100,0.08,ID,1670348082
22,menongue,-14.6585,17.691,17.97,76,99,2.82,AO,1670348083
23,nemuro,43.3236,145.575,2.16,77,100,3.3,JP,1670348083
24,cabo san lucas,22.8909,-109.9124,29.47,61,0,2.06,MX,1670348084
25,mehamn,71.0357,27.8492,1.97,87,75,5.66,NO,1670348084
26,port alfred,-33.5906,26.891,19.54,84,9,1.34,ZA,1670348084
27,hermanus,-34.4187,19.2345,19.33,59,17,0.87,ZA,1670348085
28,tuktoyaktuk,69.4541,-133.0374,-27.0,69,40,7.2,CA,1670348085
29,tarn taran,31.45,74.9253,13.01,35,0,2.39,IN,1670348086
30,pisco,-13.7,-76.2167,22.23,70,29,4.37,PE,1670348086
31,khatanga,71.9667,102.5,-18.36,95,100,6.61,RU,1670348086
32,saint-georges,12.0564,-61.7485,28.82,65,20,3.6,GD,1670348087
33,zelenets,61.8849,50.7489,-15.86,87,84,3.83,RU,1670348087
34,sydney,-33.8679,151.2073,15.76,88,33,0.89,AU,1670347882
35,concepcion,-36.827,-73.0498,21.89,60,0,5.66,CL,1670347970
36,tahe,52.3333,124.7333,-20.61,99,98,1.07,CN,1670348088
37,jamestown,42.097,-79.2353,6.68,70,100,3.09,US,1670347937
38,busselton,-33.65,115.3333,11.98,84,31,6.51,AU,1670348089
39,gistrup,56.9943,9.9909,1.06,90,100,1.03,DK,1670348058
40,yellowknife,62.456,-114.3525,-36.36,74,20,1.03,CA,1670348089
41,bambous virieux,-20.3428,57.7575,25.14,83,40,5.14,MU,1670348089
42,cape town,-33.9258,18.4232,21.72,48,0,6.17,ZA,1670348084
43,hamilton,39.1834,-84.5333,11.11,96,100,2.06,US,1670347831
44,esperance,-33.8667,121.9,14.83,74,51,7.11,AU,1670348090
45,sakakah,29.9697,40.2064,17.76,56,0,3.62,SA,1670348091
46,dutse,11.7594,9.3392,25.48,21,66,4.03,NG,1670348091
47,shihezi,44.3,86.0333,-10.97,89,70,2.1,CN,1670348091
48,hobart,-42.8794,147.3294,7.92,86,75,5.14,AU,1670348092
49,carnarvon,-24.8667,113.6333,20.79,80,6,6.8,AU,1670348092
50,nome,64.5011,-165.4064,-3.24,93,100,0.0,US,1670348093
51,bull savanna,17.8868,-77.5902,28.32,52,1,4.51,JM,1670348093
52,svetlaya,46.5389,138.3297,-8.92,67,45,4.67,RU,1670348094
53,aberystwyth,52.4155,-4.0829,1.05,82,29,2.76,GB,1670348094
54,christchurch,-43.5333,172.6333,11.06,78,100,2.06,NZ,1670347828
55,shuiji,27.4214,118.345,9.94,94,100,0.77,CN,1670348095
56,souillac,-20.5167,57.5167,25.21,83,40,5.14,MU,1670348095
57,atuona,-9.8,-139.0333,25.03,77,46,6.38,PF,1670348096
58,douglas,41.3,-96.167,2.14,62,0,2.57,US,1670348096
59,belyy yar,53.6039,91.3903,-27.06,69,100,0.0,RU,1670348097
60,batie,9.8833,-2.9167,31.94,16,5,1.84,BF,1670348097
61,hithadhoo,-0.6,73.0833,27.85,74,12,5.74,MV,1670348097
62,sisimiut,66.9395,-53.6735,-1.0,79,88,13.39,GL,1670348098
63,kattivakkam,13.2167,80.3167,26.05,70,100,6.28,IN,1670348099
64,atbasar,51.8,68.3333,-25.7,100,38,2.2,KZ,1670348099
65,bethel,41.3712,-73.414,13.2,79,100,0.0,US,1670348100
66,qaanaaq,77.484,-69.3632,-2.61,71,100,4.5,GL,1670348100
67,saint-augustin,51.226,-58.6502,-0.64,83,100,2.6,CA,1670347838
68,berbera,10.4396,45.0143,24.77,70,22,3.6,SO,1670348100
69,hambantota,6.1241,81.1185,25.76,81,100,2.77,LK,1670348101
70,moyale,3.5167,39.0584,21.55,55,60,1.36,KE,1670348101
71,datong,40.0936,113.2914,-7.2,32,0,0.71,CN,1670348102
72,ugra,54.7777,34.3267,-7.07,74,99,4.37,RU,1670348102
73,odweyne,9.4092,45.064,20.36,58,43,1.95,SO,1670348103
74,umarkhed,19.6,77.7,19.82,56,4,0.81,IN,1670347850
75,gordeyevka,52.9569,31.9703,-8.02,78,71,5.47,RU,1670348104
76,shima,24.4478,117.8111,17.01,75,61,1.44,CN,1670348104
77,fort frances,48.5999,-93.4003,-16.64,81,100,2.57,CA,1670347960
78,quelimane,-17.8786,36.8883,27.97,83,40,6.17,MZ,1670348105
79,arraial do cabo,-22.9661,-42.0278,24.98,83,75,4.12,BR,1670348105
80,mitsamiouli,-11.3847,43.2844,26.81,78,18,4.97,KM,1670348106
81,castro,-24.7911,-50.0119,24.13,77,47,3.99,BR,1670348106
82,rypefjord,70.6333,23.6667,-1.74,80,40,0.0,NO,1670348107
83,kapaa,22.0752,-159.319,25.18,92,40,3.6,US,1670348107
84,nantucket,41.2835,-70.0995,13.08,76,0,8.23,US,1670348108
85,dikson,73.5069,80.5464,-15.98,96,72,3.89,RU,1670348108
86,alyangula,-13.8483,136.4192,28.33,70,83,4.11,AU,1670348109
87,bandarbeyla,9.4942,50.8122,25.4,70,69,7.2,SO,1670348110
88,kleive,62.7954,7.6359,-0.82,93,100,3.09,NO,1670348110
89,yeppoon,-23.1333,150.7333,21.88,82,0,0.98,AU,1670348110
90,mar del plata,-38.0023,-57.5575,33.79,52,0,5.66,AR,1670348111
91,clyde river,70.4692,-68.5914,-9.87,92,20,3.6,CA,1670348111
92,oistins,13.0667,-59.5333,29.05,58,20,3.6,BB,1670347850
93,upernavik,72.7868,-56.1549,-2.64,82,100,3.35,GL,1670348112
94,east london,-33.0153,27.9116,19.52,77,20,3.6,ZA,1670348113
95,avarua,-21.2078,-159.775,24.03,94,75,5.66,CK,1670348113
96,muros,42.7762,-9.0603,13.94,85,97,1.31,ES,1670348114
97,srednekolymsk,67.45,153.6833,-32.63,98,100,4.62,RU,1670348114
98,adamovka,51.5223,59.9396,-20.52,91,15,3.33,RU,1670348115
99,necochea,-38.5473,-58.7368,24.0,52,100,8.07,AR,1670348115
100,hilo,19.7297,-155.09,24.04,96,100,1.54,US,1670347937
101,saint-philippe,-21.3585,55.7679,25.77,85,54,5.78,RE,1670348116
102,karratha,-20.7377,116.8463,26.77,51,2,8.01,AU,1670348116
103,sitka,57.0531,-135.33,2.94,93,100,2.57,US,1670347993
104,saint george,37.1041,-113.5841,8.47,83,100,1.54,US,1670347826
105,talnakh,69.4865,88.3972,-2.66,96,100,7.59,RU,1670348117
106,garden city,42.3256,-83.331,8.14,69,100,1.54,US,1670347944
107,mlonggo,-6.5333,110.7,25.58,86,100,2.38,ID,1670347909
108,svatove,49.4103,38.1503,-5.17,51,9,6.35,UA,1670348118
109,keetmanshoop,-26.5833,18.1333,26.56,10,0,5.55,NA,1670348119
110,itarema,-2.9248,-39.9167,29.98,57,9,8.74,BR,1670348119
111,tiksi,71.6872,128.8694,-31.56,100,79,1.5,RU,1670348120
112,anqiu,36.4342,119.1925,0.82,58,1,1.61,CN,1670348120
113,mastung,29.7994,66.845,7.84,46,0,1.03,PK,1670348121
114,thompson,55.7435,-97.8558,-32.91,75,20,2.57,CA,1670347845
115,ginir,7.1333,40.7,14.96,53,75,1.1,ET,1670348121
116,qaqortoq,60.7167,-46.0333,1.32,98,100,2.33,GL,1670348122
117,provideniya,64.3833,-173.3,-4.07,76,100,5.54,RU,1670348122
118,calatrava,10.595,123.4838,25.53,84,86,1.94,PH,1670348123
119,mahebourg,-20.4081,57.7,25.16,83,40,5.14,MU,1670348123
120,sechura,-5.5569,-80.8222,26.38,54,41,5.63,PE,1670348124
121,peniche,39.3558,-9.3811,15.04,90,98,1.54,PT,1670348124
122,comodoro rivadavia,-45.8667,-67.5,22.92,21,40,9.77,AR,1670348085
123,salmo,49.1999,-117.2689,-4.73,93,100,1.65,CA,1670348125
124,hobyo,5.3505,48.5268,25.35,83,100,7.18,SO,1670348125
125,saldanha,-33.0117,17.9442,20.03,74,22,4.85,ZA,1670348126
126,dalby,-27.1833,151.2667,20.52,31,1,2.1,AU,1670348126
127,lisakovsk,52.5369,62.4936,-25.79,98,21,1.81,KZ,1670348127
128,homer,59.6425,-151.5483,2.93,93,100,2.06,US,1670348127
129,canutama,-6.5339,-64.3831,32.3,55,70,1.22,BR,1670348127
130,changli,39.7042,119.1506,-3.35,28,0,3.67,CN,1670348128
131,bonthe,7.5264,-12.505,27.88,76,52,4.34,SL,1670348128
132,apple valley,34.5008,-117.1859,9.53,69,100,4.02,US,1670348129
133,kristiinankaupunki,62.2743,21.376,0.38,62,98,5.28,FI,1670348129
134,tual,-5.6667,132.75,28.19,69,92,3.79,ID,1670348130
135,lebu,-37.6167,-73.65,18.99,65,4,3.92,CL,1670348038
136,new norfolk,-42.7826,147.0587,7.72,75,29,1.04,AU,1670348130
137,xuddur,4.1213,43.8894,25.78,64,96,7.89,SO,1670348131
138,bengkulu,-3.8004,102.2655,23.94,90,100,1.69,ID,1670348131
139,estelle,29.8458,-90.1067,26.0,77,100,5.14,US,1670348132
140,yarke pole,45.608,34.3172,2.92,86,100,2.76,UA,1670348132
141,flinders,-34.5833,150.8552,13.92,91,71,2.63,AU,1670348133
142,vardo,70.3705,31.1107,-1.01,86,75,7.72,NO,1670348133
143,narsaq,60.9167,-46.05,3.12,98,100,2.47,GL,1670348134
144,kaeo,-35.1,173.7833,15.79,94,100,6.98,NZ,1670348134
145,la ronge,55.1001,-105.2842,-31.86,62,40,4.63,CA,1670347845
146,mazatlan,23.2167,-106.4167,26.68,86,40,2.06,MX,1670348002
147,los llanos de aridane,28.6585,-17.9182,21.86,93,75,4.12,ES,1670348135
148,ponta do sol,32.6667,-17.1,20.56,89,98,6.14,PT,1670348135
149,siauliai,55.9333,23.3167,-0.99,93,100,6.17,LT,1670348108
150,touros,-5.1989,-35.4608,28.57,62,66,6.05,BR,1670348136
151,lleida,41.6167,0.6167,12.11,84,0,2.06,ES,1670348136
152,kokopo,-4.352,152.2633,24.75,87,65,1.83,PG,1670348137
153,sinor,21.9167,73.3333,22.96,54,0,3.09,IN,1670348137
154,valdivia,-39.8142,-73.2459,23.05,45,83,3.35,CL,1670348138
155,chilca,-12.5211,-76.7372,20.52,77,73,3.38,PE,1670348138
156,bembereke,10.2283,2.6634,26.6,13,23,1.7,BJ,1670348139
157,fare,-16.7,-151.0167,26.41,75,8,7.9,PF,1670348139
158,darhan,49.4867,105.9228,-20.99,89,3,2.41,MN,1670348140
159,freeport,40.6576,-73.5832,14.73,80,100,7.72,US,1670348096
160,constitucion,-35.3333,-72.4167,21.71,60,6,7.64,CL,1670348140
161,san cristobal,7.7669,-72.225,22.1,66,79,1.43,VE,1670347860
162,strangnas,59.3774,17.0312,-7.01,75,99,1.76,SE,1670348141
163,jammalamadugu,14.8333,78.4,21.96,76,87,1.27,IN,1670348141
164,butaritari,3.0707,172.7902,26.71,82,79,6.42,KI,1670348141
165,iisalmi,63.5592,27.1907,-1.81,95,100,3.14,FI,1670348142
166,saskylakh,71.9167,114.0833,-23.44,100,100,1.04,RU,1670348142
167,buala,-8.145,159.5921,26.16,82,79,1.81,SB,1670348143
168,bluff,-46.6,168.3333,7.02,78,4,7.46,NZ,1670348143
169,latung,5.5,120.8833,27.56,78,100,4.24,PH,1670348143
170,alofi,-19.0595,-169.9187,20.94,100,48,0.51,NU,1670348144
171,pathein,16.7833,94.7333,24.07,84,98,1.83,MM,1670348145
172,kruisfontein,-34.0033,24.7314,19.94,81,1,2.37,ZA,1670348145
173,ilinskiy,55.619,38.1182,-6.38,72,0,4.02,RU,1670348146
174,georgetown,5.4112,100.3354,26.96,95,40,2.57,MY,1670348146
175,jumla,29.2747,82.1838,4.57,33,0,2.48,NP,1670348147
176,tuatapere,-46.1333,167.6833,4.02,90,10,2.31,NZ,1670348147
177,beloyarskiy,63.7119,66.6722,-15.93,95,89,2.33,RU,1670348148
178,grindavik,63.8424,-22.4338,2.26,100,75,0.51,IS,1670348148
179,progreso,21.2833,-89.6667,29.5,51,37,4.9,MX,1670348148
180,nizhniy kuranakh,58.8353,125.4869,-23.3,94,100,3.43,RU,1670348149
181,kahului,20.8947,-156.47,24.36,83,20,2.06,US,1670348149
182,terrace,54.5163,-128.6035,-7.05,79,100,1.03,CA,1670348150
183,olafsvik,64.8945,-23.7142,3.93,75,91,4.01,IS,1670348150
184,erenhot,43.6475,111.9767,-11.35,52,3,4.24,CN,1670348150
185,svetlogorsk,52.6333,29.7333,-7.63,86,65,5.68,BY,1670348151
186,kimbe,-5.5502,150.1429,23.85,91,99,1.29,PG,1670348151
187,ilebo,-4.3167,20.5833,23.74,79,97,0.06,CD,1670348152
188,tasiilaq,65.6145,-37.6368,-1.91,68,29,4.24,GL,1670348152
189,hirara,24.8,125.2833,21.88,71,82,12.17,JP,1670348153
190,longyearbyen,78.2186,15.6401,-14.09,61,20,7.2,SJ,1670348153
191,karoi,-16.8099,29.6925,19.22,76,78,2.3,ZW,1670348154
192,pak phanang,8.3511,100.202,25.64,87,100,3.42,TH,1670348154
193,linxia,35.6003,103.2064,-2.29,54,34,0.59,CN,1670348154
194,xichang,27.8964,102.2634,6.63,75,0,0.85,CN,1670348155
195,nikolskoye,59.7035,30.7861,-6.06,93,100,3.75,RU,1670348155
196,cidreira,-30.1811,-50.2056,23.59,76,32,5.25,BR,1670348155
197,caravelas,-17.7125,-39.2481,26.91,66,92,4.16,BR,1670348156
198,palmer,42.1584,-72.3287,13.33,69,100,1.79,US,1670348123
199,torbay,47.6666,-52.7314,3.75,97,100,4.92,CA,1670348148
200,jacareacanga,-6.2222,-57.7528,30.8,64,92,0.84,BR,1670348157
201,fortuna,40.5982,-124.1573,6.07,97,0,4.12,US,1670348157
202,mount isa,-20.7333,139.5,22.87,46,0,1.54,AU,1670348158
203,cabedelo,-6.9811,-34.8339,30.37,67,43,4.98,BR,1670348158
204,fairbanks,64.8378,-147.7164,-4.49,89,100,0.0,US,1670348079
205,kizukuri,40.8061,140.3861,0.53,84,99,4.45,JP,1670348159
206,asau,46.4333,26.4,0.51,98,95,1.52,RO,1670348159
207,deep river,46.1001,-77.4995,4.41,91,100,2.32,CA,1670348160
208,kodiak,57.79,-152.4072,0.73,86,0,2.06,US,1670348003
209,norman wells,65.282,-126.8329,-28.98,69,75,2.06,CA,1670348161
210,salalah,17.0151,54.0924,27.05,65,75,3.09,OM,1670348161
211,gorontalo,0.5412,123.0595,23.68,94,93,1.34,ID,1670348162
212,zyryanka,65.75,150.85,-38.08,88,86,1.52,RU,1670348162
213,omboue,-1.5746,9.2618,24.93,85,100,3.31,GA,1670348163
214,dyurtyuli,55.4911,54.8688,-23.23,100,13,2.41,RU,1670348163
215,port elizabeth,-33.918,25.5701,21.17,78,0,4.12,ZA,1670348164
216,cherskiy,68.75,161.3,-25.11,98,100,4.16,RU,1670348164
217,guerrero negro,27.9769,-114.0611,18.61,53,6,7.21,MX,1670348165
218,sola,-13.8833,167.55,27.79,76,80,6.23,VU,1670348165
219,alghero,40.5589,8.3181,13.05,100,0,2.06,IT,1670348158
220,novyy nekouz,57.9029,38.07,-6.69,77,100,6.3,RU,1670348166
221,agadez,19.75,10.25,23.36,13,100,3.22,NE,1670348167
222,sobolevo,54.4299,31.8996,-8.52,80,97,5.93,RU,1670348167
223,visby,57.6409,18.296,2.12,87,75,4.12,SE,1670348168
224,lavrentiya,65.5833,-171.0,-7.28,94,85,1.58,RU,1670348168
225,cartagena,10.3997,-75.5144,31.79,62,40,2.57,CO,1670347885
226,mirador,-6.3708,-44.3631,34.73,34,15,2.12,BR,1670348169
227,ugoofaaru,5.6667,73.0,27.36,74,94,3.17,MV,1670348169
228,tahoua,14.8888,5.2692,31.99,11,97,4.12,NE,1670348169
229,rawson,-43.3002,-65.1023,23.99,26,5,2.38,AR,1670348170
230,arona,28.0996,-16.681,19.29,80,75,8.75,ES,1670348170
231,kyren,51.6828,102.1408,-13.43,86,99,0.46,RU,1670348171
232,karasburg,-28.0167,18.75,24.11,14,0,5.83,NA,1670348172
233,santo antonio do sudoeste,-26.0736,-53.7253,28.77,57,14,2.69,BR,1670348172
234,jalu,29.0331,21.5482,21.43,20,6,2.84,LY,1670348173
235,san vicente,-26.6167,-54.1333,27.76,56,56,0.54,AR,1670348173
236,vao,-22.6667,167.4833,24.28,89,99,2.84,NC,1670348174
237,mogadishu,2.0371,45.3438,26.37,81,99,4.73,SO,1670347948
238,port blair,11.6667,92.75,27.02,83,75,3.6,IN,1670348174
239,tiznit,29.5833,-9.5,17.24,62,100,2.47,MA,1670348175
240,roald,62.5833,6.1333,2.64,86,75,6.69,NO,1670348175
241,ambad,19.6167,75.8,20.77,55,0,2.71,IN,1670348176
242,havelock,34.8791,-76.9013,22.21,78,75,5.66,US,1670348095
243,katsuura,35.1333,140.3,12.01,79,20,3.41,JP,1670348176
244,pangnirtung,66.1451,-65.7125,-4.0,68,100,8.75,CA,1670348177
245,manaure,11.7751,-72.4445,28.91,54,53,4.03,CO,1670348177
246,klaksvik,62.2266,-6.589,2.51,63,100,10.97,FO,1670348178
247,kloulklubed,7.0419,134.2556,23.28,77,100,3.95,PW,1670348178
248,coihueco,-36.6167,-71.8333,27.41,32,0,3.6,CL,1670348075
249,tarko-sale,64.9225,77.785,-16.55,97,99,5.12,RU,1670348179
250,soloneshnoye,51.6544,84.3197,-17.3,98,100,0.43,RU,1670348179
251,ornskoldsvik,63.2909,18.7153,-5.47,86,20,6.69,SE,1670348180
252,iqaluit,63.7506,-68.5145,-7.15,73,75,7.2,CA,1670348180
253,ribeira grande,38.5167,-28.7,15.22,77,40,7.15,PT,1670348181
254,ambilobe,-13.2,49.05,24.81,78,45,2.08,MG,1670348181
255,sioux lookout,50.1001,-91.917,-21.96,77,100,2.06,CA,1670348181
256,zaidpur,26.8333,81.3333,15.04,39,0,2.82,IN,1670348182
257,slonim,53.0867,25.3219,-1.29,96,100,5.56,BY,1670348183
258,haines junction,60.7522,-137.5108,-10.93,99,98,0.42,CA,1670348183
259,boca do acre,-8.7522,-67.3978,34.3,39,93,1.7,BR,1670348183
260,izumo,35.3667,132.7667,8.97,56,99,8.18,JP,1670348184
261,raudeberg,61.9875,5.1352,1.04,74,100,12.25,NO,1670348184
262,seoul,37.5683,126.9778,4.69,78,100,2.06,KR,1670348112
263,kabanjahe,3.1001,98.4908,17.71,98,100,1.75,ID,1670348185
264,college,64.8569,-147.8028,-4.5,89,100,0.0,US,1670348134
265,ilanskiy,56.2358,96.065,-13.43,93,100,7.49,RU,1670348186
266,kavieng,-2.5744,150.7967,27.13,78,95,2.6,PG,1670348186
267,shimoda,34.6667,138.95,7.28,64,1,9.7,JP,1670348186
268,maldonado,-34.6667,-54.9167,30.66,24,0,4.81,UY,1670348187
269,axim,4.8699,-2.2405,26.98,80,87,4.02,GH,1670348187
270,hofn,64.2539,-15.2082,0.88,64,75,3.29,IS,1670348188
271,bayji,34.9311,43.487,15.07,46,0,1.15,IQ,1670348188
272,piacabucu,-10.4056,-36.4344,27.77,69,47,4.49,BR,1670348189
273,havoysund,70.9963,24.6622,4.13,75,100,6.48,NO,1670348189
274,glendive,47.1053,-104.7125,-13.06,78,100,5.81,US,1670348190
275,ostrovnoy,68.0531,39.5131,-3.59,87,85,10.55,RU,1670348190
276,iraray,8.9936,118.0511,25.61,86,70,3.4,PH,1670348191
277,baculin,7.4525,126.5842,24.71,84,90,3.49,PH,1670348191
278,luderitz,-26.6481,15.1594,17.1,69,0,10.15,NA,1670348192
279,katsina,12.9894,7.6006,25.36,17,0,4.12,NG,1670348192
280,namibe,-15.1961,12.1522,21.42,79,3,2.67,AO,1670348192
281,leshukonskoye,64.8989,45.7622,-8.85,91,100,4.52,RU,1670348193
282,tessalit,20.1986,1.0114,27.95,12,96,4.37,ML,1670348193
283,jiuquan,39.7432,98.5174,-8.57,82,36,1.8,CN,1670348193
284,borba,-4.3878,-59.5939,31.04,56,66,1.7,BR,1670348194
285,soeng sang,14.4264,102.4606,19.76,89,32,1.03,TH,1670348194
286,portland,45.5234,-122.6762,4.23,91,75,3.13,US,1670348166
287,keti bandar,24.1447,67.4497,23.54,29,0,3.49,PK,1670348195
288,maua,-23.6678,-46.4614,23.58,83,98,4.47,BR,1670348195
289,along,28.1667,94.7667,12.12,70,0,0.8,IN,1670348196
290,aklavik,68.2191,-135.0107,-22.0,59,75,6.69,CA,1670348196
291,hrodna,53.6884,23.8258,-0.11,97,100,5.18,BY,1670348171
292,leningradskiy,69.3833,178.4167,-18.64,96,90,3.43,RU,1670348197
293,strezhevoy,60.7333,77.5889,-20.32,100,92,2.86,RU,1670348028
294,husavik,66.0449,-17.3389,-2.41,80,48,4.16,IS,1670348197
295,san carlos de bariloche,-41.1456,-71.3082,17.86,32,20,9.77,AR,1670347951
296,pedernales,18.0384,-71.744,26.81,67,1,3.23,DO,1670348198
297,alexandria,31.2156,29.9553,17.98,68,40,5.66,EG,1670347929
298,rameshki,57.3439,36.0453,-6.47,76,100,5.7,RU,1670348198
299,moron,-34.6534,-58.6198,36.68,48,0,4.29,AR,1670348199
300,monrovia,6.3005,-10.7969,28.87,77,56,4.05,LR,1670348200
301,bellavista,-7.0561,-76.5911,32.71,58,20,2.57,PE,1670348200
302,ancud,-41.8697,-73.8203,16.79,76,83,3.44,CL,1670348201
303,gayeri,12.6497,0.4931,29.6,14,97,3.81,BF,1670348201
304,uarini,-2.99,-65.1083,29.03,79,96,0.45,BR,1670348201
305,leh,34.1667,77.5833,-6.55,75,47,0.74,IN,1670348202
306,abaete,-19.16,-45.4458,21.2,86,100,2.33,BR,1670348202
307,russell,32.3502,-85.1999,24.98,69,20,2.57,US,1670348203
308,siocon,7.7061,122.1353,25.49,87,56,1.43,PH,1670348203
309,oktyabrskiy,54.4815,53.471,-20.39,99,23,1.77,RU,1670348204
310,rusape,-18.5278,32.1284,18.46,85,70,0.99,ZW,1670348204
311,xai-xai,-25.0519,33.6442,24.52,89,89,4.27,MZ,1670348204
312,korla,41.7597,86.1469,-3.62,44,76,1.45,CN,1670348205
313,loding,67.3,14.75,-0.05,93,100,3.09,NO,1670348205
314,ayorou,14.7308,0.9174,29.85,13,85,4.86,NE,1670348206
315,cape canaveral,28.4058,-80.6048,27.27,63,0,2.57,US,1670348041
316,ixtapa,20.7,-105.2,27.9,65,0,2.06,MX,1670348206
317,najran,17.4924,44.1277,19.36,26,0,1.18,SA,1670348206
318,namie,37.4833,141.0,5.4,78,12,3.61,JP,1670348207
319,prince rupert,54.3161,-130.3201,3.83,93,100,7.2,CA,1670348207
320,taltal,-25.4,-70.4833,21.22,67,76,3.64,CL,1670347979
321,bako,5.7833,36.5667,20.46,56,71,1.28,ET,1670348208
322,beruwala,6.4788,79.9828,24.78,84,100,5.29,LK,1670348208
323,chuy,-33.6971,-53.4616,27.52,46,0,4.43,UY,1670348209
324,bathsheba,13.2167,-59.5167,29.34,58,20,3.6,BB,1670348209
325,araruama,-22.8728,-42.3431,25.03,94,100,2.49,BR,1670348210
326,shingu,33.7333,135.9833,5.12,74,12,3.07,JP,1670348210
327,takoradi,4.8845,-1.7554,26.66,82,59,4.25,GH,1670348211
328,poum,-20.2333,164.0167,26.48,77,87,1.19,NC,1670348211
329,mishima,35.1167,138.9167,7.12,79,16,1.8,JP,1670348211
330,khuzhir,53.1939,107.3397,-8.6,66,50,6.47,RU,1670348212
331,stettler,52.3168,-112.7186,-32.14,68,81,1.54,CA,1670348212
332,juba,4.8517,31.5825,24.81,66,46,2.21,SS,1670348213
333,tucumcari,35.1717,-103.725,14.41,44,21,7.72,US,1670347989
334,mount gambier,-37.8333,140.7667,8.07,95,15,2.01,AU,1670348094
335,iskateley,67.6803,53.1512,-9.56,91,100,7.09,RU,1670348214
336,naze,28.3667,129.4833,14.51,64,26,7.25,JP,1670348214
337,port macquarie,-31.4333,152.9167,15.5,89,75,1.57,AU,1670348214
338,ukiah,39.1502,-123.2078,10.61,90,20,0.0,US,1670348022
339,sao filipe,14.8961,-24.4956,23.48,70,4,2.32,CV,1670348215
340,bachaquero,9.9694,-71.1494,28.17,65,23,2.55,VE,1670348052
341,tingo maria,-9.2895,-76.0088,25.17,69,75,1.54,PE,1670348216
342,nakamura,32.9833,132.9333,4.86,79,61,1.93,JP,1670348216
343,ambovombe,-25.1667,46.0833,26.17,74,54,2.5,MG,1670348216
344,challans,46.8436,-1.8749,5.54,89,23,4.66,FR,1670348217
345,eyl,7.9803,49.8164,25.38,72,98,7.79,SO,1670348217
346,yerbogachen,61.2767,108.0108,-11.46,93,100,5.75,RU,1670348218
347,merauke,-8.4667,140.3333,24.82,85,61,4.48,ID,1670348218
348,ilinskaya,45.7219,40.7211,-3.48,47,4,8.39,RU,1670348218
349,pangoa,-12.1167,-73.0,32.3,38,87,2.19,PE,1670348219
350,ilulissat,69.2167,-51.1,5.01,60,75,5.14,GL,1670348219
351,sibolga,1.7427,98.7792,24.14,94,100,2.49,ID,1670348220
352,berlevag,70.8578,29.0864,2.0,87,75,8.23,NO,1670348220
353,mindelo,16.8901,-24.9804,25.75,50,0,6.17,CV,1670347980
354,pangai,-19.8,-174.35,26.06,83,75,2.57,TO,1670348220
355,chapais,49.7834,-74.8492,-3.12,92,100,3.26,CA,1670348221
356,napier,-39.4833,176.9167,14.04,75,100,1.79,NZ,1670348221
357,sao joao da barra,-21.6403,-41.0511,27.05,83,100,7.55,BR,1670348222
358,marawi,7.9986,124.2928,19.48,93,94,0.81,PH,1670348222
359,oktyabrskoye,43.0645,44.7417,-3.92,93,100,6.0,RU,1670348223
360,galveston,29.3669,-94.9669,26.77,88,40,6.17,US,1670347926
361,zemio,5.0314,25.1361,25.22,43,11,1.1,CF,1670348223
362,sabha,27.0377,14.4283,22.5,15,3,4.58,LY,1670348224
363,kaitangata,-46.2817,169.8464,7.22,75,21,3.95,NZ,1670348224
364,petauke,-14.2426,31.3253,23.25,61,81,2.57,ZM,1670348224
365,uray,60.1247,64.7758,-17.65,98,31,2.56,RU,1670348225
366,shirvan,39.9509,48.8994,3.9,84,100,3.45,AZ,1670348225
367,plettenberg bay,-34.0527,23.3716,16.64,86,2,2.76,ZA,1670348226
368,xining,36.6167,101.7667,-3.13,50,99,0.32,CN,1670348226
369,anito,12.4497,125.2886,25.42,82,83,3.0,PH,1670348227
370,chokurdakh,70.6333,147.9167,-31.84,99,88,1.62,RU,1670348227
371,winnemucca,40.973,-117.7357,-1.97,86,20,2.57,US,1670348228
372,kitui,-1.367,38.0106,18.48,90,100,1.72,KE,1670348228
373,sorland,67.667,12.6934,0.92,67,100,11.66,NO,1670348228
374,moche,-8.1711,-79.0092,21.1,78,69,4.12,PE,1670348229
375,the valley,18.217,-63.0578,28.23,57,20,4.12,AI,1670348229
376,maniitsoq,65.4167,-52.9,0.55,79,92,13.32,GL,1670348230
377,guaraniacu,-25.1008,-52.8781,25.75,69,55,2.03,BR,1670348230
378,sinnai,39.3042,9.2036,15.29,77,0,1.54,IT,1670348231
379,port augusta,-32.5,137.7667,19.28,62,100,8.29,AU,1670348231
380,airai,-8.9266,125.4092,15.31,64,92,0.9,TL,1670348231
381,geraldton,-28.7667,114.6,18.23,68,0,4.63,AU,1670348232
382,martapura,-3.4167,114.85,25.05,100,20,1.03,ID,1670348232
383,praia,14.9215,-23.5087,26.3,57,40,7.2,CV,1670348233
384,simao,22.7886,100.9748,12.33,99,19,1.28,CN,1670348233
385,ayr,55.4627,-4.6339,2.74,93,0,1.03,GB,1670348233
386,hovd,48.0056,91.6419,-16.8,75,2,1.87,MN,1670348234
387,te anau,-45.4167,167.7167,4.03,91,28,0.62,NZ,1670348234
388,whyalla,-33.0333,137.5833,18.31,70,100,9.89,AU,1670348235
389,chifeng,42.2683,118.9636,-6.86,38,0,5.44,CN,1670348235
390,san pedro,14.35,121.0167,26.84,81,40,2.57,PH,1670348236
391,itau de minas,-20.7394,-46.7522,22.49,87,95,1.5,BR,1670348236
392,pasighat,28.0667,95.3333,15.94,51,0,1.68,IN,1670348236
393,la libertad,-2.2333,-80.9,23.81,73,75,5.14,EC,1670348237
394,severomuysk,56.1481,113.4267,-23.18,98,100,2.46,RU,1670348237
395,hereford,52.0568,-2.7148,4.85,90,89,2.36,GB,1670348238
396,kununurra,-15.7667,128.7333,26.99,94,40,0.51,AU,1670348238
397,sao bartolomeu de messines,37.2602,-8.2867,15.23,87,99,1.15,PT,1670348238
398,male,4.1748,73.5089,27.97,78,75,3.09,MV,1670348001
399,matara,5.9485,80.5353,24.85,89,99,1.02,LK,1670348239
400,komsomolskiy,40.4272,71.7189,1.4,80,75,2.06,UZ,1670348240
401,corinto,37.9407,22.9573,14.38,86,99,1.84,GR,1670348240
402,masaki,33.7876,132.7112,9.16,42,28,1.34,JP,1670348241
403,rantepao,-2.9701,119.8978,18.56,95,72,1.13,ID,1670348241
404,amga,60.8953,131.9608,-26.11,100,100,1.04,RU,1670348242
405,kalmunai,7.4167,81.8167,24.8,86,100,6.21,LK,1670348242
406,smithers,54.7804,-127.1743,-14.82,85,75,1.54,CA,1670348109
407,port lavaca,28.615,-96.6261,27.18,86,75,6.17,US,1670348243
408,buzmeyin,38.0507,58.2056,-0.15,74,100,1.03,TM,1670348243
409,port-cartier,50.0334,-66.8654,3.12,94,100,2.2,CA,1670348244
410,sedalia,38.7045,-93.2283,5.24,81,100,3.09,US,1670348178
411,doha,25.2867,51.5333,24.99,78,0,3.6,QA,1670348163
412,parana,-31.732,-60.5238,37.54,30,0,2.41,AR,1670348244
413,grand gaube,-20.0064,57.6608,25.22,75,59,2.24,MU,1670348245
414,novyy urengoy,66.0833,76.6333,-16.59,97,97,4.68,RU,1670348245
415,santa cecilia,-26.9608,-50.4269,24.46,66,54,1.46,BR,1670348245
416,labuhan,-6.8844,112.2051,26.31,80,100,1.45,ID,1670348246
417,valparaiso,-33.0393,-71.6273,26.13,50,0,7.2,CL,1670348246
418,high level,58.5169,-117.136,-26.21,82,6,2.22,CA,1670348247
419,sabya,17.1495,42.6254,27.79,70,2,1.12,SA,1670348247
420,balkhash,46.844,74.9804,-16.51,87,36,3.68,KZ,1670348248
421,san patricio,28.017,-97.5169,25.92,64,57,7.44,US,1670348248
422,avallon,47.4833,3.9,3.12,91,100,2.59,FR,1670348248
423,pauini,-7.7136,-66.9764,35.0,36,97,1.2,BR,1670348249
424,gat,31.61,34.7642,16.89,100,31,0.56,IL,1670348249
425,gimli,50.6336,-96.9907,-19.99,77,100,1.54,CA,1670348119
426,porto novo,6.4965,2.6036,28.9,80,100,3.93,BJ,1670348072
427,lac du bonnet,50.2536,-96.0612,-17.99,86,100,1.66,CA,1670348250
428,asfi,32.2994,-9.2372,17.99,85,100,4.08,MA,1670348251
429,kentau,43.5206,68.5094,-8.83,58,0,2.64,KZ,1670348251
430,zarya,55.7553,38.0958,-5.79,78,100,4.23,RU,1670348251
431,severo-kurilsk,50.6789,156.125,-0.59,82,91,6.0,RU,1670348252
432,bayanday,53.0661,105.5139,-11.88,82,100,5.16,RU,1670348252
433,sinnamary,5.3833,-52.95,27.75,80,42,4.93,GF,1670348253
434,santa cruz,-17.8,-63.1667,33.03,52,75,3.6,BO,1670348253
435,tomatlan,19.9333,-105.25,30.89,54,50,1.65,MX,1670348253
436,atambua,-9.1061,124.8925,22.8,73,57,0.89,ID,1670348254
437,brokopondo,4.75,-55.1667,30.54,54,17,1.31,SR,1670348254
438,bouna,9.2667,-3.0,31.18,18,2,1.94,CI,1670348255
439,pemba,-12.974,40.5178,27.39,83,40,5.66,MZ,1670348255
440,neuquen,-38.9516,-68.0591,29.19,30,0,1.03,AR,1670348255
441,adrar,20.5022,-10.0711,27.9,27,0,1.41,MR,1670348256
442,makakilo city,21.3469,-158.0858,22.56,86,20,2.57,US,1670348256
443,cervo,43.6702,-7.4101,12.2,80,70,1.4,ES,1670348257
444,pokhara,28.2333,83.9833,13.5,46,0,2.13,NP,1670348257
445,igrim,63.1906,64.4162,-14.96,94,80,3.11,RU,1670348257
446,kailua,21.4022,-157.7394,23.37,77,100,4.28,US,1670348258
447,qazanbulaq,40.6192,46.6519,2.5,72,99,1.95,AZ,1670348258
448,languyan,5.2618,120.0807,25.25,86,100,1.79,PH,1670348259
449,iguape,-24.7081,-47.5553,25.47,87,62,3.92,BR,1670348259
450,kostino,58.9097,53.2691,-15.17,89,68,2.99,RU,1670348259
451,batticaloa,7.7102,81.6924,25.36,84,100,6.19,LK,1670348260
452,hasaki,35.7333,140.8333,5.12,78,60,3.81,JP,1670348260
453,garowe,8.4054,48.4845,24.36,57,68,8.91,SO,1670348261
454,codrington,-38.2667,141.9667,7.84,92,9,1.05,AU,1670348261
455,valparai,10.3667,76.9667,16.48,80,94,1.83,IN,1670348261
456,warmbad,-28.45,18.7333,25.09,13,0,5.01,NA,1670348262
457,san ramon,37.7799,-121.978,10.46,89,100,3.09,US,1670347993
458,churapcha,62.0025,132.4325,-29.3,99,100,1.25,RU,1670348262
459,camapua,-19.5314,-54.0439,30.74,50,84,4.66,BR,1670348263
460,tairua,-37.0167,175.85,15.53,94,100,3.51,NZ,1670348263
461,price,39.5994,-110.8107,3.59,41,0,2.57,US,1670348264
462,vengerovo,55.6848,76.7471,-17.21,95,100,2.11,RU,1670348264
463,sokoto,13.0609,5.239,27.55,14,33,4.51,NG,1670348264
464,kidal,18.4411,1.4078,28.28,13,98,4.24,ML,1670348265
465,avigliano,40.7329,15.72,7.59,70,72,1.33,IT,1670348265
466,buchanan,5.8808,-10.0467,27.09,78,30,3.87,LR,1670348266
467,moba,33.2288,105.0179,-2.14,92,70,1.2,CN,1670348266
468,japura,-0.3167,102.35,23.34,98,73,0.39,ID,1670348266
469,san-pedro,4.7485,-6.6363,26.53,81,78,2.89,CI,1670348267
470,trelleborg,55.3751,13.1569,1.97,81,99,4.33,SE,1670348267
471,anadyr,64.75,177.4833,-10.72,85,40,7.0,RU,1670348268
472,faanui,-16.4833,-151.75,26.45,75,29,7.75,PF,1670348268
473,catuday,16.2923,119.8062,25.96,78,16,3.52,PH,1670348268
474,tomaszow lubelski,50.4477,23.4162,1.36,97,100,3.8,PL,1670348269
475,verkhnevilyuysk,63.4453,120.3167,-26.06,92,88,3.44,RU,1670348269
476,diamantina,-18.2494,-43.6003,16.36,91,100,1.04,BR,1670348270
477,wufeng,27.45,104.8333,0.52,93,100,1.34,CN,1670348270
478,bairiki,1.3292,172.9752,27.0,89,75,4.12,KI,1670348271
479,bayir,37.2687,28.2167,6.29,87,12,0.86,TR,1670348271
480,bonavista,48.6499,-53.1147,1.82,82,16,4.28,CA,1670348271
481,saint-joseph,-21.3667,55.6167,25.21,81,58,5.7,RE,1670348272
482,slawno,54.3628,16.6789,3.1,96,100,3.11,PL,1670348274
483,mbuguni,-3.5667,36.95,27.79,61,100,3.81,TZ,1670348275
484,lagoa,39.05,-27.9833,15.02,77,79,10.63,PT,1670348275
485,kodinsk,58.6881,99.1844,-13.68,92,100,5.46,RU,1670348276
486,jaru,-10.4389,-62.4664,26.54,87,97,2.72,BR,1670348276
487,wewak,-3.5534,143.6268,25.42,88,100,1.82,PG,1670348277
488,shakawe,-18.3667,21.85,24.27,48,78,4.95,BW,1670348277
489,kushima,31.4583,131.2333,6.28,75,15,3.67,JP,1670348278
490,cockburn town,21.4612,-71.1419,25.75,61,29,7.02,TC,1670348278
491,kushmurun,52.4503,64.6311,-21.64,97,28,2.18,KZ,1670348279
492,teguise,29.0605,-13.564,21.12,73,40,4.12,ES,1670348279
493,jambi,-1.6,103.6167,23.23,97,100,0.23,ID,1670348279
494,ancona,43.55,13.1667,12.13,94,100,1.03,IT,1670348280
495,fuling,29.7022,107.3919,9.8,73,84,0.57,CN,1670348280
496,lakes entrance,-37.8811,147.981,9.53,89,50,2.22,AU,1670348281
497,altay,47.8667,88.1167,-16.44,81,58,2.75,CN,1670348281
498,mersing,2.4312,103.8405,24.95,94,20,2.06,MY,1670348282
499,mubi,10.2676,13.2644,25.56,20,29,2.0,NG,1670348282
500,floresta,-8.6011,-38.5686,30.36,42,97,4.6,BR,1670348282
501,walvis bay,-22.9575,14.5053,19.53,63,1,7.2,NA,1670348283
502,tanggu,39.0211,117.6469,1.98,28,0,3.92,CN,1670348283
503,port lincoln,-34.7333,135.8667,14.16,76,44,6.91,AU,1670348283
504,sulangan,11.1373,123.7228,27.13,78,88,5.64,PH,1670348284
505,nambale,0.4459,34.2519,17.93,89,100,2.53,KE,1670348284
506,beitbridge,-22.2167,30.0,27.64,60,51,10.27,ZW,1670348285
507,rajampet,14.1833,79.1667,21.85,92,99,0.77,IN,1670348285
508,lompoc,34.6391,-120.4579,13.77,95,0,4.63,US,1670348286
509,biltine,14.5333,20.9167,23.45,17,0,5.04,TD,1670348286
510,bulawayo,-20.15,28.5833,22.58,49,88,1.37,ZW,1670348286
511,cayenne,4.9333,-52.3333,26.02,83,75,4.12,GF,1670348254
512,petropavlovsk-kamchatskiy,53.0452,158.6483,-9.67,92,75,0.0,RU,1670348287
513,yatou,37.15,122.3833,0.52,62,1,4.07,CN,1670348287
514,tevaitoa,-16.7833,-151.5,26.39,75,22,8.03,PF,1670348288
515,waingapu,-9.6567,120.2641,25.81,80,67,1.22,ID,1670348288
516,gornyatskiy,48.2915,40.9575,-6.33,66,11,6.26,RU,1670348289
517,taoudenni,22.6783,-3.9836,29.42,29,6,0.45,ML,1670348289
518,beyla,8.6833,-8.6333,25.47,50,22,1.53,GN,1670348290
519,juneau,58.3019,-134.4197,1.79,100,100,5.66,US,1670348237
520,pokaran,26.9167,71.9167,17.9,21,0,3.37,IN,1670348290
521,dobra,44.7833,25.7167,6.24,91,92,0.95,RO,1670348291
522,kosh-agach,50.0,88.6667,-24.66,89,10,1.53,RU,1670348291
523,dunedin,-45.8742,170.5036,8.78,70,55,3.83,NZ,1670348291
524,punto fijo,11.6956,-70.1996,27.08,63,72,0.29,VE,1670348292
525,mandalgovi,45.7625,106.2708,-11.82,32,73,3.06,MN,1670348292
526,gondanglegi,-7.7479,112.0132,24.34,91,100,1.32,ID,1670348293
527,bosaso,11.2842,49.1816,25.31,70,50,3.43,SO,1670348257
528,binzhou,37.3667,118.0167,-0.34,52,0,2.37,CN,1670348216
529,pevek,69.7008,170.3133,-12.49,91,100,1.33,RU,1670348294
530,foix,42.8333,1.5833,8.62,70,97,0.75,FR,1670348294
531,cayeli,41.0923,40.7292,11.3,78,76,0.5,TR,1670348294
532,yarada,17.65,83.2667,22.18,88,75,1.03,IN,1670348295
533,tottori,35.5,134.2333,7.56,67,94,6.7,JP,1670348295
534,ranot,7.7777,100.3213,26.59,83,100,6.03,TH,1670348296
535,sturgis,41.7992,-85.4192,6.71,79,100,1.54,US,1670348296
536,miyako,39.6367,141.9525,1.7,85,61,2.48,JP,1670348297
537,atasu,48.6814,71.6433,-24.51,99,69,2.04,KZ,1670348297
538,canto do buriti,-8.11,-42.9444,30.42,47,69,2.73,BR,1670348297
539,nisko,50.5199,22.1397,4.36,92,100,2.24,PL,1670348298
540,gladstone,-23.85,151.25,22.96,73,0,1.54,AU,1670348298
541,spas-demensk,54.4122,34.0226,-7.07,75,100,4.69,RU,1670348299
542,pimentel,-6.8367,-79.9342,25.16,53,0,6.69,PE,1670348299
543,quatre cocos,-20.2078,57.7625,25.06,82,62,7.69,MU,1670348300
544,clonakilty,51.6231,-8.8706,4.56,73,99,6.08,IE,1670348300
545,pundaguitan,6.3711,126.1689,27.36,74,100,4.04,PH,1670348301
546,batagay-alyta,67.8006,130.4114,-40.53,88,19,2.01,RU,1670348301
547,ola,59.5833,151.2833,-22.16,93,68,5.46,RU,1670348302
548,kaisiadorys,54.8667,24.45,-2.06,96,100,4.28,LT,1670348302
549,rongcheng,30.634,117.8517,7.07,84,100,1.04,CN,1670348302
550,yumen,40.2833,97.2,-10.33,88,44,2.84,CN,1670348303
551,puqi,29.7167,113.8833,8.1,78,100,0.61,CN,1670348303
552,susuman,62.7833,148.1667,-47.12,98,75,0.55,RU,1670348304
553,kieta,-6.2167,155.6333,25.5,83,90,0.37,PG,1670348305
554,evensk,61.95,159.2333,-24.35,84,4,3.06,RU,1670348305
555,gazanjyk,39.2446,55.5154,-1.12,50,22,4.13,TM,1670348306
556,dingli,35.8614,14.3822,17.67,88,20,2.06,MT,1670348306
557,kavaratti,10.5669,72.642,27.68,68,77,1.33,IN,1670348306
558,pochutla,15.7432,-96.4661,31.57,43,0,2.65,MX,1670348307
559,broome,42.2506,-75.833,8.55,83,100,3.6,US,1670348211
560,sungaipenuh,-2.0833,101.3833,18.28,98,100,0.36,ID,1670348307
